Order_ID,Customer_ID,Order_Date,Product_ID,Category,Product_Price,Quantity,Region,Marketing_Channel,Delivery_Days,Discount,Payment_Method,Customer_Rating,Returned,Return_Probability,Risk_Level
ORD100001,CUST1103,2025-01-01,PROD1008,Electronics,2573.92,1,North,Email,4,34.6,Cash on Delivery,4.0,0,0.32189666291479196,Low
ORD100002,CUST1093,2025-01-02,PROD1065,Electronics,5143.33,2,West,Website,10,37.9,UPI,3.9,1,0.7411569543467921,High
ORD100003,CUST1015,2025-01-03,PROD1086,Sports,3732.61,4,West,Mobile App,3,4.2,Debit Card,2.9,0,0.18357719051251392,Low
ORD100004,CUST1107,2025-01-04,PROD1017,Sports,13965.34,1,South,Marketplace,9,6.2,Net Banking,3.8,0,0.5013342810835398,Medium
ORD100005,CUST1072,2025-01-05,PROD1071,Home & Kitchen,1766.34,3,South,Marketplace,3,37.8,UPI,3.2,1,0.5365910166209067,Medium
ORD100006,CUST1021,2025-01-06,PROD1089,Electronics,10545.06,2,South,Website,6,29.5,Net Banking,1.9,1,0.8265920280189871,High
ORD100007,CUST1103,2025-01-07,PROD1045,Beauty,3000.48,1,West,Mobile App,1,35.3,Credit Card,1.8,1,0.35582923220768325,Low
ORD100008,CUST1122,2025-01-08,PROD1004,Clothing,13248.23,2,North,Social Media,6,8.1,Cash on Delivery,2.2,1,0.5481691572431227,Medium
ORD100009,CUST1075,2025-01-09,PROD1036,Clothing,14427.47,1,North,Website,4,23.5,Cash on Delivery,4.6,0,0.1846030435879393,Low
ORD100010,CUST1088,2025-01-10,PROD1070,Sports,7088.96,1,South,Website,8,28.0,Debit Card,3.2,0,0.5952013102964867,Medium
ORD100011,CUST1117,2025-01-11,PROD1031,Home & Kitchen,13210.26,2,Central,Marketplace,9,27.2,Cash on Delivery,3.9,1,0.5414560993943232,Medium
ORD100012,CUST1100,2025-01-12,PROD1019,Clothing,276.15,3,North,Website,4,16.3,Credit Card,2.4,0,0.651421595459691,Medium
ORD100013,CUST1104,2025-01-13,PROD1061,Electronics,12335.21,1,West,Website,10,0.6,Debit Card,2.6,1,0.7714533868418721,High
ORD100014,CUST1131,2025-01-14,PROD1054,Sports,3583.65,1,East,Website,10,23.3,UPI,1.5,1,0.8499788823983573,High
ORD100015,CUST1150,2025-01-15,PROD1039,Beauty,13648.78,1,East,Marketplace,6,10.1,Cash on Delivery,1.7,1,0.562720222647308,Medium
ORD100016,CUST1053,2025-01-16,PROD1091,Sports,216.58,3,East,Social Media,1,18.0,Debit Card,4.3,0,0.057892147817922505,Low
ORD100017,CUST1002,2025-01-17,PROD1074,Beauty,8431.49,3,Central,Social Media,4,38.3,Credit Card,3.3,0,0.3658870866215679,Low
ORD100018,CUST1088,2025-01-18,PROD1090,Sports,11398.21,4,South,Website,7,16.0,Net Banking,2.4,1,0.706897072294093,High
ORD100019,CUST1038,2025-01-19,PROD1019,Sports,4028.59,2,West,Marketplace,1,33.6,Net Banking,4.2,0,0.06836933268483214,Low
ORD100020,CUST1130,2025-01-20,PROD1039,Sports,3058.37,3,Central,Social Media,8,7.5,Credit Card,2.0,0,0.787626315079259,High
ORD100021,CUST1021,2025-01-21,PROD1067,Beauty,1444.65,2,West,Social Media,10,26.9,Credit Card,4.9,0,0.4249175296900649,Medium
ORD100022,CUST1058,2025-01-22,PROD1045,Beauty,5031.22,4,West,Social Media,6,39.1,Net Banking,2.4,1,0.3917057409988029,Low
ORD100023,CUST1022,2025-01-23,PROD1013,Sports,8485.7,2,South,Marketplace,5,4.1,Debit Card,2.3,0,0.5326596326176438,Medium
ORD100024,CUST1089,2025-01-24,PROD1092,Clothing,1914.49,3,East,Marketplace,10,0.3,Net Banking,2.2,1,0.7010259069834359,High
ORD100025,CUST1049,2025-01-25,PROD1058,Home & Kitchen,5775.09,2,South,Website,9,17.3,Credit Card,1.5,1,0.955301726122014,High
ORD100026,CUST1059,2025-01-26,PROD1020,Home & Kitchen,334.27,3,Central,Email,2,3.7,Cash on Delivery,1.4,0,0.5949571386425702,Medium
ORD100027,CUST1015,2025-01-27,PROD1092,Home & Kitchen,12316.46,2,Central,Social Media,5,29.9,UPI,3.6,0,0.3692480933622559,Low
ORD100028,CUST1051,2025-01-28,PROD1072,Beauty,2101.04,3,Central,Email,6,36.6,Cash on Delivery,4.5,0,0.23673863316079433,Low
ORD100029,CUST1108,2025-01-29,PROD1061,Beauty,4393.48,3,South,Marketplace,7,17.4,Cash on Delivery,4.2,0,0.47923422351041095,Medium
ORD100030,CUST1055,2025-01-30,PROD1039,Clothing,472.73,2,West,Marketplace,5,10.3,Credit Card,1.6,1,0.7329091087904139,High
ORD100031,CUST1064,2025-01-31,PROD1001,Home & Kitchen,6597.16,4,West,Marketplace,9,17.4,Net Banking,3.2,0,0.5666752547867301,Medium
ORD100032,CUST1131,2025-02-01,PROD1003,Home & Kitchen,12633.8,1,North,Email,1,28.9,Debit Card,1.4,0,0.3238302710532613,Low
ORD100033,CUST1051,2025-02-02,PROD1077,Sports,6003.84,4,Central,Marketplace,7,0.4,Cash on Delivery,1.2,1,0.7876179185718304,High
ORD100034,CUST1135,2025-02-03,PROD1092,Beauty,2856.56,2,West,Website,10,23.6,Net Banking,3.6,0,0.5009963640907591,Medium
ORD100035,CUST1021,2025-02-04,PROD1062,Home & Kitchen,11354.74,4,North,Marketplace,7,24.5,Debit Card,3.1,0,0.4482121135034497,Medium
ORD100036,CUST1073,2025-02-05,PROD1063,Clothing,11874.34,3,West,Mobile App,4,25.5,Cash on Delivery,1.3,1,0.5416941459613901,Medium
ORD100037,CUST1018,2025-02-06,PROD1025,Clothing,2771.55,1,Central,Email,9,9.7,Debit Card,1.1,1,0.7766602292450723,High
ORD100038,CUST1132,2025-02-07,PROD1056,Home & Kitchen,11608.64,2,East,Mobile App,5,28.6,Net Banking,5.0,0,0.09228851576423805,Low
ORD100039,CUST1089,2025-02-08,PROD1033,Beauty,14220.01,2,Central,Marketplace,4,3.7,UPI,1.1,1,0.6364594857756581,Medium
ORD100040,CUST1060,2025-02-09,PROD1038,Clothing,2662.39,2,South,Website,7,8.0,Net Banking,2.8,0,0.6866884298502941,Medium
ORD100041,CUST1014,2025-02-10,PROD1006,Sports,11610.57,1,West,Social Media,4,35.1,Credit Card,3.0,1,0.35444623580870505,Low
ORD100042,CUST1009,2025-02-11,PROD1058,Clothing,10686.87,3,West,Marketplace,3,29.5,Debit Card,1.5,1,0.4014271847202107,Medium
ORD100043,CUST1090,2025-02-12,PROD1044,Electronics,7208.89,2,South,Website,9,0.5,UPI,1.7,1,0.9519906629691307,High
ORD100044,CUST1053,2025-02-13,PROD1045,Electronics,1057.22,4,South,Email,8,9.9,Debit Card,2.4,0,0.8294959798581696,High
ORD100045,CUST1130,2025-02-14,PROD1032,Beauty,1305.48,2,East,Mobile App,1,8.6,Debit Card,4.0,0,0.05546573549882581,Low
ORD100046,CUST1084,2025-02-15,PROD1045,Home & Kitchen,12815.74,2,West,Mobile App,7,10.8,Cash on Delivery,3.0,1,0.4861448146879992,Medium
ORD100047,CUST1092,2025-02-16,PROD1061,Beauty,14854.2,2,West,Mobile App,9,9.9,Credit Card,3.6,1,0.5059460181215637,Medium
ORD100048,CUST1111,2025-02-17,PROD1047,Beauty,10205.57,2,East,Email,8,2.5,Debit Card,4.9,0,0.14831048152491458,Low
ORD100049,CUST1008,2025-02-18,PROD1021,Beauty,6800.18,3,North,Website,8,18.4,Net Banking,4.1,0,0.333937996465263,Low
ORD100050,CUST1035,2025-02-19,PROD1080,Beauty,9784.09,4,East,Email,6,29.3,Net Banking,2.7,0,0.33323983759290643,Low
ORD100051,CUST1081,2025-02-20,PROD1085,Sports,8997.06,3,Central,Mobile App,4,24.3,Cash on Delivery,2.8,0,0.3177027008441741,Low
ORD100052,CUST1050,2025-02-21,PROD1075,Sports,5877.46,4,West,Marketplace,8,26.9,Credit Card,3.5,1,0.5858090744263417,Medium
ORD100053,CUST1104,2025-02-22,PROD1036,Clothing,1171.27,2,South,Social Media,3,3.2,Credit Card,3.7,0,0.4669096030331674,Medium
ORD100054,CUST1132,2025-02-23,PROD1099,Electronics,12358.39,1,Central,Email,9,38.1,Net Banking,3.0,0,0.6264056996544497,Medium
ORD100055,CUST1002,2025-02-24,PROD1019,Beauty,5703.14,3,West,Email,2,33.5,UPI,3.6,0,0.1760184076909346,Low
ORD100056,CUST1134,2025-02-25,PROD1020,Clothing,12318.03,1,East,Website,2,32.2,Cash on Delivery,1.1,1,0.5378433188974903,Medium
ORD100057,CUST1054,2025-02-26,PROD1057,Electronics,3937.13,3,Central,Website,7,32.9,Cash on Delivery,2.7,1,0.7767408330676937,High
ORD100058,CUST1106,2025-02-27,PROD1018,Home & Kitchen,215.24,2,West,Email,10,37.3,Net Banking,2.1,1,0.7345430687729436,High
ORD100059,CUST1004,2025-02-28,PROD1047,Sports,2552.29,3,North,Mobile App,4,21.8,Net Banking,1.5,1,0.40319334388379424,Medium
ORD100060,CUST1054,2025-03-01,PROD1049,Electronics,7134.38,2,North,Social Media,10,8.0,UPI,1.4,1,0.9108114650810941,High
ORD100061,CUST1146,2025-03-02,PROD1014,Home & Kitchen,14175.69,3,South,Website,8,24.7,UPI,3.4,1,0.7798334410424643,High
ORD100062,CUST1044,2025-03-03,PROD1015,Electronics,1712.47,2,West,Mobile App,9,29.7,Credit Card,3.1,0,0.7693530553775051,High
ORD100063,CUST1014,2025-03-04,PROD1031,Sports,12842.3,2,North,Marketplace,7,29.5,Cash on Delivery,2.0,0,0.6118212443019065,Medium
ORD100064,CUST1095,2025-03-05,PROD1001,Sports,7999.96,4,East,Website,5,20.9,Cash on Delivery,2.9,1,0.4474398363419134,Medium
ORD100065,CUST1048,2025-03-06,PROD1054,Clothing,12423.63,2,West,Mobile App,8,2.7,Net Banking,3.0,0,0.38739620302656974,Low
ORD100066,CUST1015,2025-03-07,PROD1003,Beauty,4615.94,4,East,Mobile App,4,14.8,Credit Card,1.8,1,0.5480056734447065,Medium
ORD100067,CUST1040,2025-03-08,PROD1016,Electronics,12631.22,2,East,Social Media,2,36.8,Cash on Delivery,3.6,0,0.23873099066890557,Low
ORD100068,CUST1082,2025-03-09,PROD1087,Electronics,11637.78,1,North,Social Media,6,23.4,Credit Card,4.1,0,0.485574291635074,Medium
ORD100069,CUST1111,2025-03-10,PROD1057,Home & Kitchen,3604.79,2,West,Marketplace,9,21.5,Credit Card,4.2,0,0.6029059536421325,Medium
ORD100070,CUST1053,2025-03-11,PROD1075,Sports,2143.76,1,Central,Mobile App,1,10.8,Net Banking,3.4,0,0.09635917874704106,Low
ORD100071,CUST1024,2025-03-12,PROD1012,Electronics,13047.2,1,North,Mobile App,10,14.7,Credit Card,3.0,1,0.7964505070642606,High
ORD100072,CUST1124,2025-03-13,PROD1074,Sports,14455.9,2,North,Social Media,7,35.8,UPI,1.2,1,0.7127451753125386,High
ORD100073,CUST1041,2025-03-14,PROD1096,Electronics,663.27,1,West,Website,10,26.7,UPI,2.2,1,0.8941106034671193,High
ORD100074,CUST1015,2025-03-15,PROD1016,Clothing,11022.8,4,West,Website,9,31.5,Debit Card,1.4,0,0.7841835438629908,High
ORD100075,CUST1045,2025-03-16,PROD1072,Beauty,13660.96,3,East,Email,10,18.2,Net Banking,4.9,0,0.2199171795700452,Low
ORD100076,CUST1065,2025-03-17,PROD1076,Electronics,12888.93,2,West,Social Media,9,25.2,Debit Card,1.5,1,0.7872692114754511,High
ORD100077,CUST1089,2025-03-18,PROD1024,Sports,14474.9,1,East,Email,10,9.9,UPI,1.6,1,0.7779985420788464,High
ORD100078,CUST1071,2025-03-19,PROD1028,Clothing,11449.39,2,North,Social Media,3,28.2,Debit Card,4.6,0,0.07700030631385216,Low
ORD100079,CUST1009,2025-03-20,PROD1008,Electronics,6746.02,4,South,Marketplace,5,17.1,Net Banking,4.8,1,0.3693742551386983,Low
ORD100080,CUST1088,2025-03-21,PROD1092,Home & Kitchen,4816.89,2,Central,Mobile App,8,17.7,Net Banking,4.1,0,0.31969119354915965,Low
ORD100081,CUST1129,2025-03-22,PROD1036,Beauty,4946.99,2,North,Marketplace,8,26.0,Credit Card,1.0,1,0.8585270495469832,High
ORD100082,CUST1136,2025-03-23,PROD1090,Electronics,10921.46,1,West,Social Media,4,37.5,Cash on Delivery,1.0,1,0.7202555220966891,High
ORD100083,CUST1063,2025-03-24,PROD1008,Clothing,11238.39,4,Central,Mobile App,1,2.6,Credit Card,2.5,1,0.3625259617559338,Low
ORD100084,CUST1139,2025-03-25,PROD1058,Home & Kitchen,3165.32,3,South,Website,1,33.0,Net Banking,1.6,1,0.6043712010781509,Medium
ORD100085,CUST1081,2025-03-26,PROD1060,Clothing,13048.22,3,South,Website,4,11.7,UPI,1.1,0,0.838890940120614,High
ORD100086,CUST1136,2025-03-27,PROD1050,Clothing,10780.88,1,East,Email,6,17.8,UPI,2.9,0,0.4348831170725491,Medium
ORD100087,CUST1033,2025-03-28,PROD1028,Home & Kitchen,8528.7,2,Central,Social Media,8,0.9,Credit Card,4.8,0,0.4554261465548551,Medium
ORD100088,CUST1123,2025-03-29,PROD1092,Clothing,7178.68,1,East,Social Media,6,12.0,Net Banking,2.3,1,0.39831041259546746,Low
ORD100089,CUST1005,2025-03-30,PROD1041,Home & Kitchen,8239.85,1,North,Website,9,20.1,UPI,3.6,1,0.6540817242615108,Medium
ORD100090,CUST1041,2025-03-31,PROD1100,Electronics,2556.84,1,Central,Marketplace,9,2.2,Net Banking,3.6,0,0.6003473333482491,Medium
ORD100091,CUST1028,2025-04-01,PROD1064,Home & Kitchen,3214.78,2,North,Mobile App,2,19.6,UPI,2.0,0,0.4241787049104243,Medium
ORD100092,CUST1135,2025-04-02,PROD1027,Home & Kitchen,1549.23,4,East,Marketplace,10,37.1,Net Banking,3.6,1,0.5422928479399421,Medium
ORD100093,CUST1072,2025-04-03,PROD1063,Beauty,2474.14,1,Central,Marketplace,1,4.2,Debit Card,1.8,0,0.2583825876938804,Low
ORD100094,CUST1012,2025-04-04,PROD1017,Home & Kitchen,6914.67,2,East,Website,2,30.6,Net Banking,1.5,1,0.45292559955429607,Medium
ORD100095,CUST1033,2025-04-05,PROD1073,Home & Kitchen,8049.25,4,Central,Website,5,16.4,Net Banking,3.8,1,0.3489473102394991,Low
ORD100096,CUST1048,2025-04-06,PROD1033,Electronics,464.36,1,East,Website,4,26.2,Credit Card,1.5,1,0.8185408378225691,High
ORD100097,CUST1062,2025-04-07,PROD1084,Beauty,11992.61,3,South,Email,4,10.4,Debit Card,5.0,0,0.1332026459374756,Low
ORD100098,CUST1037,2025-04-08,PROD1077,Sports,4553.69,4,East,Marketplace,9,6.4,Cash on Delivery,1.7,0,0.7751547738811976,High
ORD100099,CUST1099,2025-04-09,PROD1092,Electronics,13695.17,1,South,Social Media,8,6.4,Credit Card,3.4,0,0.8205405465355743,High
ORD100100,CUST1104,2025-04-10,PROD1029,Electronics,14519.17,4,East,Mobile App,6,2.8,Cash on Delivery,2.6,0,0.5919641771322971,Medium
ORD100101,CUST1035,2025-04-11,PROD1013,Sports,2944.79,4,Central,Email,1,7.4,UPI,1.5,0,0.4641624257395769,Medium
ORD100102,CUST1101,2025-04-12,PROD1046,Home & Kitchen,7039.04,4,Central,Social Media,2,26.6,Cash on Delivery,1.1,1,0.6111305540981709,Medium
ORD100103,CUST1131,2025-04-13,PROD1035,Clothing,218.23,4,Central,Marketplace,6,35.3,Net Banking,3.5,1,0.34516904524277536,Low
ORD100104,CUST1001,2025-04-14,PROD1006,Beauty,9055.24,4,West,Website,2,32.6,Cash on Delivery,4.2,0,0.1577288850570274,Low
ORD100105,CUST1005,2025-04-15,PROD1082,Clothing,9188.14,4,North,Marketplace,10,27.4,Credit Card,4.4,0,0.5914860162600772,Medium
ORD100106,CUST1142,2025-04-16,PROD1069,Sports,3863.59,1,Central,Mobile App,5,4.4,Credit Card,2.9,0,0.4544404736915773,Medium
ORD100107,CUST1103,2025-04-17,PROD1047,Electronics,8464.51,3,South,Email,5,11.6,Cash on Delivery,4.1,1,0.5499884281573535,Medium
ORD100108,CUST1027,2025-04-18,PROD1025,Electronics,3537.99,2,Central,Email,6,12.4,Credit Card,3.7,1,0.6244562067093848,Medium
ORD100109,CUST1137,2025-04-19,PROD1066,Beauty,2580.22,4,West,Mobile App,6,10.0,Credit Card,3.9,1,0.3627876505389466,Low
ORD100110,CUST1015,2025-04-20,PROD1010,Electronics,9842.49,2,South,Social Media,6,20.6,Cash on Delivery,3.0,1,0.7239709804715421,High
ORD100111,CUST1090,2025-04-21,PROD1056,Electronics,5023.7,1,West,Social Media,2,21.4,Debit Card,3.5,0,0.1913538350877855,Low
ORD100112,CUST1042,2025-04-22,PROD1030,Beauty,8935.91,4,South,Email,10,14.3,Debit Card,4.2,1,0.5083495422279601,Medium
ORD100113,CUST1124,2025-04-23,PROD1005,Beauty,6612.05,3,East,Email,3,14.2,UPI,2.6,0,0.32189051809849634,Low
ORD100114,CUST1063,2025-04-24,PROD1033,Sports,14768.4,2,North,Website,6,33.1,Credit Card,4.2,0,0.38252285284305326,Low
ORD100115,CUST1096,2025-04-25,PROD1065,Electronics,2413.79,4,North,Social Media,8,31.6,Cash on Delivery,3.4,0,0.656888362935412,Medium
ORD100116,CUST1052,2025-04-26,PROD1018,Electronics,7076.06,1,West,Mobile App,1,12.3,Credit Card,1.7,0,0.5591698698935921,Medium
ORD100117,CUST1096,2025-04-27,PROD1096,Sports,10270.76,3,North,Social Media,1,36.6,Net Banking,1.1,0,0.3149823015280534,Low
ORD100118,CUST1132,2025-04-28,PROD1049,Home & Kitchen,6054.07,2,West,Website,2,38.1,Credit Card,2.5,1,0.5318316855018073,Medium
ORD100119,CUST1143,2025-04-29,PROD1011,Home & Kitchen,14625.56,2,West,Email,6,13.1,Credit Card,3.2,0,0.5515185051659555,Medium
ORD100120,CUST1029,2025-04-30,PROD1085,Home & Kitchen,10883.94,4,West,Email,9,14.2,Debit Card,4.4,1,0.3429573127355913,Low
ORD100121,CUST1036,2025-05-01,PROD1026,Sports,9923.36,3,North,Website,4,20.2,Cash on Delivery,1.5,1,0.6172302055989184,Medium
ORD100122,CUST1013,2025-05-02,PROD1063,Electronics,11404.48,3,West,Mobile App,3,37.6,Credit Card,4.2,0,0.2941325977017141,Low
ORD100123,CUST1071,2025-05-03,PROD1089,Sports,14299.2,3,North,Email,8,35.1,Debit Card,4.5,0,0.19533873726955173,Low
ORD100124,CUST1086,2025-05-04,PROD1086,Sports,13635.72,3,West,Marketplace,10,4.1,UPI,1.6,1,0.8240766437532464,High
ORD100125,CUST1028,2025-05-05,PROD1059,Home & Kitchen,10919.42,1,Central,Email,9,15.7,Debit Card,4.4,1,0.32969280470813306,Low
ORD100126,CUST1066,2025-05-06,PROD1027,Clothing,11287.59,3,West,Marketplace,5,22.1,Debit Card,5.0,1,0.10563097350685184,Low
ORD100127,CUST1045,2025-05-07,PROD1049,Electronics,2359.65,2,South,Website,9,20.1,Debit Card,3.9,1,0.7369319786364158,High
ORD100128,CUST1062,2025-05-08,PROD1077,Home & Kitchen,1721.33,2,West,Website,2,7.8,Credit Card,4.1,0,0.32059707288331496,Low
ORD100129,CUST1134,2025-05-09,PROD1033,Clothing,8649.39,1,East,Email,3,34.4,Credit Card,5.0,1,0.1284563848575119,Low
ORD100130,CUST1028,2025-05-10,PROD1098,Clothing,471.84,2,West,Social Media,7,27.1,UPI,3.4,0,0.4592384676809717,Medium
ORD100131,CUST1028,2025-05-11,PROD1099,Beauty,7338.87,2,South,Marketplace,7,33.5,Net Banking,2.2,0,0.6466060211762068,Medium
ORD100132,CUST1108,2025-05-12,PROD1001,Electronics,3313.17,3,South,Mobile App,6,34.4,Net Banking,4.4,0,0.4038688282561476,Medium
ORD100133,CUST1044,2025-05-13,PROD1021,Clothing,5321.05,2,North,Email,6,29.9,Net Banking,3.5,0,0.2764748536880368,Low
ORD100134,CUST1084,2025-05-14,PROD1055,Home & Kitchen,11681.91,1,Central,Mobile App,2,17.6,UPI,3.3,0,0.23480057016648848,Low
ORD100135,CUST1030,2025-05-15,PROD1006,Beauty,14130.32,3,West,Email,10,24.4,Net Banking,2.0,1,0.6473678162782125,Medium
ORD100136,CUST1075,2025-05-16,PROD1092,Electronics,1271.76,4,North,Social Media,6,6.4,Net Banking,4.0,0,0.3717270544750181,Low
ORD100137,CUST1128,2025-05-17,PROD1081,Sports,8106.78,3,Central,Social Media,4,26.9,Debit Card,1.3,1,0.4592661937676608,Medium
ORD100138,CUST1092,2025-05-18,PROD1069,Home & Kitchen,13261.5,1,West,Social Media,3,7.2,Credit Card,4.7,0,0.18722444321730516,Low
ORD100139,CUST1129,2025-05-19,PROD1095,Clothing,1421.13,3,East,Social Media,2,27.8,Credit Card,2.3,0,0.431152971166018,Medium
ORD100140,CUST1121,2025-05-20,PROD1005,Clothing,12402.81,3,West,Website,1,9.2,Debit Card,1.5,0,0.36440281876339803,Low
ORD100141,CUST1027,2025-05-21,PROD1003,Home & Kitchen,5495.46,1,South,Website,5,4.7,Debit Card,2.8,0,0.6025055956934001,Medium
ORD100142,CUST1121,2025-05-22,PROD1053,Clothing,4967.0,3,South,Marketplace,2,6.6,Debit Card,1.2,1,0.5998120530569235,Medium
ORD100143,CUST1116,2025-05-23,PROD1023,Beauty,14666.5,1,East,Mobile App,2,0.1,Credit Card,3.7,0,0.15511720172462734,Low
ORD100144,CUST1003,2025-05-24,PROD1053,Electronics,3172.71,1,North,Email,7,28.7,Net Banking,4.6,0,0.29231576404850873,Low
ORD100145,CUST1103,2025-05-25,PROD1037,Beauty,10459.27,4,Central,Email,8,29.3,Debit Card,4.3,1,0.24662157712453495,Low
ORD100146,CUST1137,2025-05-26,PROD1074,Clothing,12357.32,2,West,Website,10,20.6,UPI,1.5,0,0.8734699406283827,High
ORD100147,CUST1062,2025-05-27,PROD1074,Sports,809.52,2,South,Email,8,6.5,Debit Card,1.5,1,0.7871213411961175,High
ORD100148,CUST1051,2025-05-28,PROD1083,Electronics,10121.7,3,North,Website,4,3.3,Cash on Delivery,4.3,0,0.37625181919213024,Low
ORD100149,CUST1059,2025-05-29,PROD1017,Electronics,14282.94,3,East,Marketplace,1,0.8,Debit Card,4.7,0,0.08958410813187141,Low
ORD100150,CUST1118,2025-05-30,PROD1085,Home & Kitchen,2038.46,4,South,Mobile App,7,6.6,Credit Card,2.8,1,0.8139607046502157,High
ORD100151,CUST1096,2025-05-31,PROD1078,Home & Kitchen,13464.08,4,East,Marketplace,1,35.6,Debit Card,3.0,0,0.1637341043874819,Low
ORD100152,CUST1113,2025-06-01,PROD1073,Sports,9002.69,4,West,Social Media,4,9.7,Cash on Delivery,2.3,0,0.41807415916414464,Medium
ORD100153,CUST1062,2025-06-02,PROD1001,Electronics,9325.75,1,Central,Social Media,8,14.2,UPI,4.6,0,0.46850161460526263,Medium
ORD100154,CUST1052,2025-06-03,PROD1051,Sports,9271.57,4,South,Social Media,2,4.2,Net Banking,3.6,0,0.2161455380750142,Low
ORD100155,CUST1012,2025-06-04,PROD1045,Home & Kitchen,4622.77,4,South,Marketplace,6,8.9,Debit Card,2.2,0,0.717729349198105,High
ORD100156,CUST1039,2025-06-05,PROD1077,Home & Kitchen,14040.99,3,West,Email,6,20.8,Cash on Delivery,2.2,1,0.6091047316310095,Medium
ORD100157,CUST1130,2025-06-06,PROD1004,Electronics,14220.79,4,North,Mobile App,9,24.3,Cash on Delivery,4.6,1,0.4624817559521853,Medium
ORD100158,CUST1131,2025-06-07,PROD1062,Beauty,9454.51,1,Central,Social Media,5,9.8,UPI,1.1,0,0.6564107825962804,Medium
ORD100159,CUST1113,2025-06-08,PROD1065,Clothing,11794.66,1,South,Social Media,10,2.3,Credit Card,2.3,1,0.8911712115963226,High
ORD100160,CUST1101,2025-06-09,PROD1032,Home & Kitchen,9261.42,3,Central,Social Media,4,15.6,Debit Card,3.2,0,0.27489815017957564,Low
ORD100161,CUST1113,2025-06-10,PROD1034,Home & Kitchen,7369.1,4,South,Mobile App,5,9.4,Cash on Delivery,1.6,1,0.7826148050772094,High
ORD100162,CUST1081,2025-06-11,PROD1092,Beauty,9980.14,4,Central,Social Media,10,8.8,UPI,1.4,0,0.8499855558174707,High
ORD100163,CUST1113,2025-06-12,PROD1095,Beauty,8384.42,1,East,Mobile App,5,38.4,Net Banking,4.3,0,0.09161958200682149,Low
ORD100164,CUST1002,2025-06-13,PROD1072,Sports,9042.64,4,South,Social Media,8,24.7,Cash on Delivery,4.6,0,0.4485744559783999,Medium
ORD100165,CUST1130,2025-06-14,PROD1039,Sports,11800.72,4,Central,Marketplace,10,22.3,UPI,4.3,0,0.5042481902528172,Medium
ORD100166,CUST1054,2025-06-15,PROD1026,Clothing,7317.38,4,North,Marketplace,8,16.6,Credit Card,4.6,0,0.4630462488540172,Medium
ORD100167,CUST1087,2025-06-16,PROD1034,Clothing,803.16,2,East,Mobile App,2,17.2,Credit Card,3.2,0,0.2656479402120105,Low
ORD100168,CUST1129,2025-06-17,PROD1054,Electronics,2627.19,3,East,Marketplace,7,21.6,Cash on Delivery,4.2,0,0.47295969406268545,Medium
ORD100169,CUST1147,2025-06-18,PROD1003,Sports,6691.39,2,North,Mobile App,8,27.9,Cash on Delivery,2.5,0,0.543190477844522,Medium
ORD100170,CUST1126,2025-06-19,PROD1050,Home & Kitchen,10927.43,3,Central,Marketplace,6,28.1,Debit Card,3.7,1,0.3151476492098211,Low
ORD100171,CUST1130,2025-06-20,PROD1012,Sports,8980.52,1,West,Marketplace,5,6.9,UPI,5.0,1,0.14776758033112927,Low
ORD100172,CUST1053,2025-06-21,PROD1065,Home & Kitchen,9824.35,4,North,Mobile App,9,20.0,Cash on Delivery,1.9,0,0.7749708854677273,High
ORD100173,CUST1068,2025-06-22,PROD1054,Beauty,7293.33,3,Central,Email,3,16.5,Debit Card,2.6,0,0.24095827372140902,Low
ORD100174,CUST1123,2025-06-23,PROD1005,Sports,9312.98,2,North,Marketplace,10,34.8,Debit Card,2.9,1,0.5227027395805606,Medium
ORD100175,CUST1145,2025-06-24,PROD1094,Beauty,5069.46,4,North,Social Media,4,25.3,Cash on Delivery,1.6,0,0.5288533773232731,Medium
ORD100176,CUST1038,2025-06-25,PROD1094,Clothing,7158.7,1,South,Email,9,21.3,Credit Card,1.3,0,0.9285378158153947,High
ORD100177,CUST1024,2025-06-26,PROD1057,Clothing,11215.33,3,Central,Mobile App,6,4.6,UPI,4.3,0,0.2715978487507798,Low
ORD100178,CUST1069,2025-06-27,PROD1017,Electronics,13103.13,3,West,Email,8,24.2,UPI,4.9,0,0.4165101635391668,Medium
ORD100179,CUST1116,2025-06-28,PROD1047,Sports,6618.1,3,South,Website,7,4.7,Credit Card,2.6,0,0.8383118213016735,High
ORD100180,CUST1098,2025-06-29,PROD1023,Beauty,846.19,4,North,Website,2,13.5,Cash on Delivery,1.4,1,0.5615386188967688,Medium
ORD100181,CUST1139,2025-06-30,PROD1079,Home & Kitchen,2592.75,2,North,Marketplace,3,5.7,UPI,1.3,1,0.6584499334496025,Medium
ORD100182,CUST1144,2025-07-01,PROD1085,Clothing,508.74,2,North,Marketplace,1,27.7,Cash on Delivery,4.6,0,0.10059614525368736,Low
ORD100183,CUST1097,2025-07-02,PROD1014,Clothing,9868.29,3,Central,Social Media,9,8.3,Cash on Delivery,2.9,1,0.6465239981351656,Medium
ORD100184,CUST1124,2025-07-03,PROD1066,Home & Kitchen,5118.26,1,Central,Email,7,15.7,Debit Card,2.3,1,0.5572248757033172,Medium
ORD100185,CUST1070,2025-07-04,PROD1075,Beauty,8228.68,1,South,Website,1,35.8,Credit Card,2.9,1,0.47360515755643245,Medium
ORD100186,CUST1093,2025-07-05,PROD1051,Beauty,7500.5,2,West,Marketplace,3,8.2,Cash on Delivery,2.3,0,0.36199119691240716,Low
ORD100187,CUST1003,2025-07-06,PROD1038,Sports,1406.59,1,South,Email,4,20.3,Net Banking,3.0,0,0.3659560842562212,Low
ORD100188,CUST1148,2025-07-07,PROD1064,Sports,6168.27,2,East,Marketplace,4,16.8,Credit Card,4.4,0,0.21826740939778672,Low
ORD100189,CUST1147,2025-07-08,PROD1098,Electronics,3464.3,3,North,Marketplace,5,0.7,UPI,3.4,1,0.5514813847343814,Medium
ORD100190,CUST1090,2025-07-09,PROD1038,Clothing,6392.32,2,North,Website,3,31.7,Debit Card,3.8,0,0.17322769045987252,Low
ORD100191,CUST1147,2025-07-10,PROD1050,Sports,3212.96,2,North,Website,3,2.8,UPI,2.5,1,0.44872867408414824,Medium
ORD100192,CUST1148,2025-07-11,PROD1098,Beauty,12638.7,3,South,Marketplace,1,19.0,UPI,4.0,0,0.21815368802924384,Low
ORD100193,CUST1096,2025-07-12,PROD1082,Home & Kitchen,2778.06,1,South,Mobile App,7,22.4,Credit Card,3.7,1,0.6659970639802839,Medium
ORD100194,CUST1052,2025-07-13,PROD1030,Beauty,14419.55,2,North,Marketplace,10,25.1,UPI,1.5,0,0.8158962240985083,High
ORD100195,CUST1128,2025-07-14,PROD1079,Clothing,6355.43,2,South,Marketplace,1,27.5,Cash on Delivery,3.3,0,0.31830159003939645,Low
ORD100196,CUST1039,2025-07-15,PROD1091,Beauty,12724.43,3,Central,Social Media,2,10.1,UPI,2.0,0,0.37855484084451524,Low
ORD100197,CUST1082,2025-07-16,PROD1051,Electronics,9505.72,1,Central,Social Media,4,0.4,Debit Card,4.2,0,0.21098321856004437,Low
ORD100198,CUST1104,2025-07-17,PROD1063,Clothing,11083.18,2,South,Social Media,4,28.9,Debit Card,2.7,0,0.403801431891554,Medium
ORD100199,CUST1129,2025-07-18,PROD1098,Home & Kitchen,11562.31,3,North,Mobile App,5,21.4,Net Banking,5.0,0,0.10954936843875288,Low
ORD100200,CUST1011,2025-07-19,PROD1052,Electronics,7671.7,2,South,Mobile App,2,33.4,Debit Card,1.4,1,0.607829009162475,Medium
ORD100201,CUST1042,2025-07-20,PROD1038,Clothing,8240.85,4,South,Marketplace,4,32.9,UPI,4.1,0,0.397652693734636,Low
ORD100202,CUST1099,2025-07-21,PROD1097,Home & Kitchen,7807.14,3,South,Social Media,1,33.7,Debit Card,3.7,0,0.20200094229526355,Low
ORD100203,CUST1007,2025-07-22,PROD1088,Electronics,8903.26,1,East,Mobile App,2,19.4,Credit Card,4.1,0,0.23846663228329085,Low
ORD100204,CUST1144,2025-07-23,PROD1079,Electronics,635.04,1,Central,Website,1,13.3,Debit Card,2.2,0,0.4289023381362176,Medium
ORD100205,CUST1090,2025-07-24,PROD1030,Clothing,6053.62,1,West,Marketplace,10,31.7,Cash on Delivery,3.0,1,0.6512999325664296,Medium
ORD100206,CUST1112,2025-07-25,PROD1051,Sports,9171.59,1,West,Email,10,18.1,Credit Card,4.2,0,0.5217577488006059,Medium
ORD100207,CUST1060,2025-07-26,PROD1081,Electronics,9046.31,2,East,Marketplace,4,7.3,Net Banking,1.9,1,0.5342040083680001,Medium
ORD100208,CUST1113,2025-07-27,PROD1005,Electronics,11935.75,2,South,Email,4,34.2,Cash on Delivery,1.9,1,0.7690226793320626,High
ORD100209,CUST1002,2025-07-28,PROD1029,Home & Kitchen,9894.14,1,East,Social Media,7,35.3,UPI,3.2,0,0.47688579514605944,Medium
ORD100210,CUST1129,2025-07-29,PROD1004,Beauty,14883.57,1,East,Email,10,18.7,UPI,3.1,0,0.5642044286845614,Medium
ORD100211,CUST1048,2025-07-30,PROD1010,Clothing,4401.05,1,North,Social Media,9,3.0,UPI,2.1,1,0.7452785108650904,High
ORD100212,CUST1140,2025-07-31,PROD1056,Clothing,5515.44,2,Central,Website,9,15.5,Cash on Delivery,2.2,1,0.7999685845875321,High
ORD100213,CUST1037,2025-08-01,PROD1017,Sports,5880.94,1,West,Email,5,32.1,Cash on Delivery,2.1,0,0.46705179754694587,Medium
ORD100214,CUST1009,2025-08-02,PROD1074,Sports,7094.03,1,South,Marketplace,10,36.1,Cash on Delivery,4.1,1,0.617530529925153,Medium
ORD100215,CUST1099,2025-08-03,PROD1017,Clothing,12572.77,4,West,Social Media,1,8.1,Credit Card,3.6,1,0.22227401966092317,Low
ORD100216,CUST1147,2025-08-04,PROD1084,Sports,3689.72,4,West,Marketplace,1,2.7,Credit Card,4.3,0,0.16630515222632555,Low
ORD100217,CUST1048,2025-08-05,PROD1088,Home & Kitchen,11684.8,1,Central,Mobile App,6,35.1,UPI,4.9,0,0.20720638057620455,Low
ORD100218,CUST1131,2025-08-06,PROD1069,Clothing,6198.59,3,West,Social Media,2,15.6,Debit Card,2.9,0,0.17880537479162534,Low
ORD100219,CUST1148,2025-08-07,PROD1034,Sports,9107.46,1,West,Email,8,21.7,UPI,1.3,1,0.7534754149015226,High
ORD100220,CUST1054,2025-08-08,PROD1006,Clothing,9561.6,4,East,Social Media,9,38.7,Net Banking,1.2,0,0.7355105164019955,High
ORD100221,CUST1120,2025-08-09,PROD1053,Beauty,5718.16,3,Central,Marketplace,4,2.7,Credit Card,2.2,1,0.5907676725300607,Medium
ORD100222,CUST1116,2025-08-10,PROD1066,Electronics,7786.71,3,North,Website,5,25.9,Cash on Delivery,4.7,0,0.36326746080394057,Low
ORD100223,CUST1075,2025-08-11,PROD1077,Clothing,6312.86,1,South,Social Media,8,3.0,Credit Card,3.1,0,0.7728671403900689,High
ORD100224,CUST1113,2025-08-12,PROD1043,Electronics,1223.17,4,West,Email,3,15.0,Cash on Delivery,2.1,1,0.6056075338444955,Medium
ORD100225,CUST1104,2025-08-13,PROD1075,Sports,6670.05,4,South,Mobile App,5,32.2,Net Banking,2.6,0,0.45303906247853376,Medium
ORD100226,CUST1084,2025-08-14,PROD1023,Electronics,1641.42,3,North,Website,3,17.3,Net Banking,3.4,0,0.3707686519340487,Low
ORD100227,CUST1112,2025-08-15,PROD1055,Clothing,6194.31,1,South,Mobile App,10,39.9,Credit Card,3.6,1,0.7534689300499616,High
ORD100228,CUST1099,2025-08-16,PROD1080,Beauty,8975.19,2,North,Social Media,3,22.4,Cash on Delivery,1.6,0,0.4349608825756031,Medium
ORD100229,CUST1093,2025-08-17,PROD1095,Sports,8775.34,2,East,Marketplace,3,12.8,Net Banking,4.9,0,0.06315842536738034,Low
ORD100230,CUST1146,2025-08-18,PROD1075,Clothing,10006.79,4,West,Marketplace,7,8.8,UPI,3.2,1,0.5316728854160901,Medium
ORD100231,CUST1128,2025-08-19,PROD1016,Sports,1609.87,2,North,Email,7,14.0,UPI,1.5,1,0.7249546005632522,High
ORD100232,CUST1110,2025-08-20,PROD1008,Home & Kitchen,9851.42,4,South,Marketplace,7,14.9,Cash on Delivery,4.6,0,0.5173234364352027,Medium
ORD100233,CUST1082,2025-08-21,PROD1004,Electronics,4819.79,4,West,Website,10,2.7,Credit Card,1.3,1,0.9614257118626133,High
ORD100234,CUST1054,2025-08-22,PROD1004,Home & Kitchen,6105.88,4,East,Marketplace,8,14.8,Net Banking,4.6,0,0.2898216245419004,Low
ORD100235,CUST1068,2025-08-23,PROD1056,Clothing,12898.2,2,West,Email,5,18.6,Credit Card,5.0,0,0.20649946710961414,Low
ORD100236,CUST1033,2025-08-24,PROD1025,Beauty,333.65,4,North,Social Media,5,28.9,UPI,3.8,1,0.29097141057681175,Low
ORD100237,CUST1142,2025-08-25,PROD1067,Sports,8908.51,3,East,Social Media,4,26.3,Net Banking,4.1,0,0.11250920805816898,Low
ORD100238,CUST1021,2025-08-26,PROD1096,Electronics,9060.97,1,South,Marketplace,7,28.4,Credit Card,2.3,0,0.891307249392727,High
ORD100239,CUST1048,2025-08-27,PROD1067,Sports,6070.56,1,East,Mobile App,10,0.3,Debit Card,4.8,0,0.19531876849956734,Low
ORD100240,CUST1148,2025-08-28,PROD1027,Clothing,3708.01,4,East,Social Media,4,8.7,Cash on Delivery,3.1,0,0.3328026731899891,Low
ORD100241,CUST1128,2025-08-29,PROD1093,Sports,3673.18,1,Central,Marketplace,2,26.5,Cash on Delivery,3.9,0,0.1558770725728368,Low
ORD100242,CUST1136,2025-08-30,PROD1032,Electronics,13278.9,2,East,Email,4,19.4,Debit Card,4.7,0,0.13984702927590031,Low
ORD100243,CUST1135,2025-08-31,PROD1050,Clothing,6741.96,2,East,Marketplace,8,0.2,UPI,4.9,0,0.2979422186910546,Low
ORD100244,CUST1145,2025-09-01,PROD1061,Sports,5097.16,1,West,Social Media,9,32.2,Net Banking,4.3,0,0.2504058627728744,Low
ORD100245,CUST1128,2025-09-02,PROD1051,Beauty,6841.91,2,South,Email,3,30.9,Cash on Delivery,2.2,1,0.5249478482808219,Medium
ORD100246,CUST1033,2025-09-03,PROD1019,Clothing,10106.98,1,West,Marketplace,7,21.9,Debit Card,4.9,0,0.14960268004941,Low
ORD100247,CUST1115,2025-09-04,PROD1021,Clothing,2357.2,1,West,Website,9,2.7,Debit Card,3.5,0,0.4920723051025603,Medium
ORD100248,CUST1119,2025-09-05,PROD1005,Beauty,6851.62,1,North,Email,4,30.7,UPI,4.7,0,0.13200890606875687,Low
ORD100249,CUST1022,2025-09-06,PROD1082,Home & Kitchen,8900.69,4,West,Website,10,23.3,UPI,3.7,1,0.7159668653231916,High
ORD100250,CUST1038,2025-09-07,PROD1092,Electronics,14239.03,1,Central,Mobile App,3,31.3,Credit Card,2.2,1,0.589058547501941,Medium
ORD100251,CUST1109,2025-09-08,PROD1042,Home & Kitchen,3937.41,4,Central,Email,5,30.1,Cash on Delivery,2.5,0,0.577604881153466,Medium
ORD100252,CUST1051,2025-09-09,PROD1061,Sports,5516.91,1,North,Website,1,32.1,Credit Card,3.2,0,0.2882241705831522,Low
ORD100253,CUST1008,2025-09-10,PROD1022,Beauty,5814.51,1,South,Social Media,3,20.7,Debit Card,4.2,0,0.15295715774688085,Low
ORD100254,CUST1027,2025-09-11,PROD1021,Home & Kitchen,9161.96,1,South,Social Media,8,5.6,Net Banking,2.3,0,0.7374714683476754,High
ORD100255,CUST1027,2025-09-12,PROD1070,Clothing,5479.63,2,West,Mobile App,8,26.8,Net Banking,3.3,1,0.3494133630632175,Low
ORD100256,CUST1021,2025-09-13,PROD1001,Sports,8095.98,4,West,Email,4,24.8,UPI,2.4,0,0.43327343262605866,Medium
ORD100257,CUST1030,2025-09-14,PROD1005,Sports,11770.5,4,West,Email,2,29.7,Net Banking,4.3,0,0.07701001457578673,Low
ORD100258,CUST1097,2025-09-15,PROD1012,Home & Kitchen,10639.71,1,South,Email,8,6.8,Net Banking,2.9,1,0.6649688160324908,Medium
ORD100259,CUST1028,2025-09-16,PROD1090,Home & Kitchen,6806.26,1,East,Mobile App,8,7.8,Net Banking,1.3,0,0.6752352793203293,Medium
ORD100260,CUST1111,2025-09-17,PROD1046,Beauty,12990.4,2,Central,Email,10,35.6,Debit Card,1.7,0,0.6869133980444856,Medium
ORD100261,CUST1061,2025-09-18,PROD1034,Electronics,8460.48,2,East,Social Media,4,30.0,Net Banking,1.2,0,0.601912946478464,Medium
ORD100262,CUST1048,2025-09-19,PROD1049,Home & Kitchen,8190.61,2,East,Website,3,36.3,Net Banking,3.0,1,0.28204955597250647,Low
ORD100263,CUST1147,2025-09-20,PROD1078,Home & Kitchen,705.98,4,South,Social Media,2,30.3,Net Banking,1.4,1,0.6207063059965799,Medium
ORD100264,CUST1004,2025-09-21,PROD1090,Clothing,14803.06,4,East,Social Media,9,23.9,Credit Card,1.5,1,0.8424660054193838,High
ORD100265,CUST1035,2025-09-22,PROD1045,Sports,2019.97,4,North,Website,1,26.2,Debit Card,4.8,0,0.06923339860441932,Low
ORD100266,CUST1049,2025-09-23,PROD1027,Electronics,3620.74,1,West,Social Media,7,35.6,UPI,4.5,1,0.4037281185537562,Medium
ORD100267,CUST1017,2025-09-24,PROD1073,Clothing,965.11,4,North,Mobile App,5,23.2,Credit Card,2.8,0,0.5274917278869263,Medium
ORD100268,CUST1046,2025-09-25,PROD1026,Beauty,9672.04,3,Central,Website,8,25.3,Cash on Delivery,4.9,0,0.32762346163967015,Low
ORD100269,CUST1117,2025-09-26,PROD1047,Beauty,3525.58,3,West,Social Media,4,6.3,Debit Card,1.0,1,0.49261425655470514,Medium
ORD100270,CUST1006,2025-09-27,PROD1086,Home & Kitchen,2864.15,2,East,Marketplace,7,19.0,Debit Card,3.5,1,0.3591986048673859,Low
ORD100271,CUST1099,2025-09-28,PROD1056,Home & Kitchen,1510.62,4,Central,Social Media,5,28.7,Cash on Delivery,3.5,1,0.4187006515228813,Medium
ORD100272,CUST1124,2025-09-29,PROD1094,Beauty,1728.97,3,West,Mobile App,5,10.8,Cash on Delivery,2.8,0,0.35815245541053153,Low
ORD100273,CUST1037,2025-09-30,PROD1063,Home & Kitchen,8853.13,2,East,Email,9,8.1,Cash on Delivery,2.6,0,0.6907113232430084,Medium
ORD100274,CUST1024,2025-10-01,PROD1048,Electronics,10385.48,4,North,Social Media,9,12.6,UPI,2.8,1,0.7855798501751172,High
ORD100275,CUST1093,2025-10-02,PROD1061,Home & Kitchen,6081.21,1,West,Email,9,9.7,Net Banking,2.7,1,0.589053039368777,Medium
ORD100276,CUST1046,2025-10-03,PROD1081,Sports,7302.48,3,East,Marketplace,6,8.6,Debit Card,3.9,1,0.20028035323742444,Low
ORD100277,CUST1095,2025-10-04,PROD1026,Home & Kitchen,10352.32,1,North,Social Media,6,17.0,Net Banking,1.5,1,0.590964612023115,Medium
ORD100278,CUST1099,2025-10-05,PROD1036,Clothing,457.22,4,Central,Website,5,36.3,Net Banking,1.8,0,0.6112583385168587,Medium
ORD100279,CUST1116,2025-10-06,PROD1001,Electronics,4982.33,3,Central,Email,9,20.3,Cash on Delivery,1.7,1,0.8814827194474143,High
ORD100280,CUST1067,2025-10-07,PROD1008,Clothing,14601.85,4,Central,Marketplace,10,7.5,UPI,2.0,1,0.8332855345564981,High
ORD100281,CUST1128,2025-10-08,PROD1099,Clothing,8785.66,1,Central,Website,8,3.1,Credit Card,3.1,1,0.7254281351841323,High
ORD100282,CUST1018,2025-10-09,PROD1052,Sports,3962.52,3,South,Website,7,27.8,UPI,1.4,1,0.8847403074570611,High
ORD100283,CUST1025,2025-10-10,PROD1079,Electronics,7921.6,1,West,Website,7,15.3,Net Banking,4.5,1,0.36464826263745626,Low
ORD100284,CUST1054,2025-10-11,PROD1047,Electronics,5271.27,4,West,Website,6,32.9,UPI,2.2,0,0.79618035831467,High
ORD100285,CUST1058,2025-10-12,PROD1056,Electronics,8077.23,4,South,Social Media,5,26.4,Cash on Delivery,1.7,1,0.8431591475746575,High
ORD100286,CUST1067,2025-10-13,PROD1086,Electronics,2060.97,1,East,Social Media,4,31.8,Credit Card,3.7,0,0.4327923833215593,Medium
ORD100287,CUST1104,2025-10-14,PROD1014,Electronics,2164.18,3,East,Social Media,3,10.9,Cash on Delivery,1.2,1,0.6903752688636057,Medium
ORD100288,CUST1024,2025-10-15,PROD1090,Sports,2324.43,1,Central,Marketplace,3,27.7,Credit Card,3.5,0,0.31645721902855334,Low
ORD100289,CUST1114,2025-10-16,PROD1028,Home & Kitchen,14109.33,4,North,Marketplace,6,10.6,Net Banking,3.8,0,0.30881266153158804,Low
ORD100290,CUST1032,2025-10-17,PROD1087,Clothing,11046.9,1,East,Marketplace,4,37.6,Credit Card,1.9,1,0.5681833608762369,Medium
ORD100291,CUST1086,2025-10-18,PROD1078,Electronics,2603.25,4,North,Mobile App,6,25.5,Credit Card,1.2,1,0.8678778486800166,High
ORD100292,CUST1127,2025-10-19,PROD1088,Home & Kitchen,2987.57,1,West,Marketplace,3,13.0,Credit Card,2.5,0,0.5317206036392874,Medium
ORD100293,CUST1130,2025-10-20,PROD1002,Home & Kitchen,11016.28,3,North,Social Media,4,10.8,UPI,1.4,0,0.6567557028486579,Medium
ORD100294,CUST1017,2025-10-21,PROD1026,Clothing,2511.22,3,West,Social Media,9,7.6,UPI,1.5,0,0.8242659446054352,High
ORD100295,CUST1104,2025-10-22,PROD1014,Sports,3671.51,1,South,Mobile App,5,27.8,Net Banking,2.0,0,0.5134896018008601,Medium
ORD100296,CUST1137,2025-10-23,PROD1059,Beauty,14457.53,1,South,Mobile App,7,8.7,Credit Card,2.2,1,0.7546071146049209,High
ORD100297,CUST1043,2025-10-24,PROD1056,Beauty,3978.54,3,Central,Marketplace,10,23.8,Debit Card,3.1,0,0.5422546689047063,Medium
ORD100298,CUST1039,2025-10-25,PROD1007,Home & Kitchen,9992.16,4,East,Email,2,10.6,Net Banking,3.7,0,0.14717815545241802,Low
ORD100299,CUST1026,2025-10-26,PROD1003,Clothing,14683.74,3,Central,Mobile App,5,26.5,Credit Card,3.4,1,0.4009180282649857,Medium
ORD100300,CUST1099,2025-10-27,PROD1023,Beauty,5739.59,4,West,Website,9,32.6,Credit Card,1.6,0,0.8770957415319867,High
ORD100301,CUST1050,2025-10-28,PROD1018,Home & Kitchen,459.24,1,Central,Social Media,3,31.1,UPI,1.7,1,0.5713412606187769,Medium
ORD100302,CUST1013,2025-10-29,PROD1038,Sports,3813.38,1,North,Website,9,30.4,Net Banking,4.5,0,0.3101957802925897,Low
ORD100303,CUST1060,2025-10-30,PROD1099,Beauty,12496.98,4,West,Social Media,6,7.5,Credit Card,3.2,1,0.478731490907965,Medium
ORD100304,CUST1135,2025-10-31,PROD1015,Home & Kitchen,12996.21,1,South,Social Media,4,3.5,Credit Card,4.5,1,0.40262321728670974,Medium
ORD100305,CUST1057,2025-11-01,PROD1064,Home & Kitchen,11574.09,4,East,Mobile App,7,28.0,Net Banking,2.5,0,0.45931451443357835,Medium
ORD100306,CUST1036,2025-11-02,PROD1089,Electronics,1874.03,2,West,Mobile App,8,14.7,Debit Card,3.5,0,0.4603511720480218,Medium
ORD100307,CUST1020,2025-11-03,PROD1028,Sports,11973.55,3,West,Website,6,17.3,Net Banking,3.1,0,0.3628708157782649,Low
ORD100308,CUST1065,2025-11-04,PROD1074,Electronics,13796.43,2,North,Social Media,5,1.2,Net Banking,2.3,0,0.5164173818058878,Medium
ORD100309,CUST1008,2025-11-05,PROD1039,Clothing,9089.02,4,East,Website,6,10.4,Debit Card,2.9,1,0.42141792837245934,Medium
ORD100310,CUST1144,2025-11-06,PROD1057,Electronics,14124.96,3,South,Email,5,1.3,Net Banking,3.0,0,0.6023015097826058,Medium
ORD100311,CUST1142,2025-11-07,PROD1017,Electronics,12437.22,4,West,Website,8,35.2,Credit Card,1.8,0,0.9087462479820713,High
ORD100312,CUST1115,2025-11-08,PROD1086,Beauty,10071.18,3,West,Marketplace,1,9.7,Net Banking,2.3,0,0.1958357869840688,Low
ORD100313,CUST1143,2025-11-09,PROD1090,Home & Kitchen,8742.34,3,North,Website,7,22.3,Debit Card,4.2,0,0.340005393080806,Low
ORD100314,CUST1092,2025-11-10,PROD1044,Sports,5358.89,3,Central,Marketplace,10,1.6,Cash on Delivery,4.7,0,0.4327027717611399,Medium
ORD100315,CUST1098,2025-11-11,PROD1025,Electronics,2557.45,3,South,Marketplace,10,26.7,Net Banking,2.4,1,0.8841665189872002,High
ORD100316,CUST1066,2025-11-12,PROD1017,Sports,9153.32,4,East,Marketplace,2,12.9,UPI,2.2,0,0.3583724099595469,Low
ORD100317,CUST1032,2025-11-13,PROD1013,Electronics,4908.05,3,West,Email,9,35.9,Credit Card,1.8,1,0.9022320391581349,High
ORD100318,CUST1086,2025-11-14,PROD1084,Clothing,13023.29,3,West,Website,1,35.5,Credit Card,3.7,0,0.25478282838984906,Low
ORD100319,CUST1051,2025-11-15,PROD1025,Electronics,14901.39,2,South,Website,10,13.0,UPI,2.3,1,0.9378288418729472,High
ORD100320,CUST1063,2025-11-16,PROD1068,Beauty,11335.93,1,Central,Email,6,36.0,UPI,5.0,0,0.16721606182333668,Low
ORD100321,CUST1125,2025-11-17,PROD1010,Home & Kitchen,1539.13,1,West,Social Media,9,39.8,Net Banking,2.3,0,0.6328834569925458,Medium
ORD100322,CUST1150,2025-11-18,PROD1067,Clothing,4472.55,2,South,Mobile App,1,33.0,UPI,2.6,0,0.38276445139748216,Low
ORD100323,CUST1058,2025-11-19,PROD1018,Electronics,1814.82,2,North,Website,4,33.8,Cash on Delivery,3.4,0,0.505665913841459,Medium
ORD100324,CUST1058,2025-11-20,PROD1100,Sports,9827.57,4,Central,Mobile App,4,10.0,Debit Card,4.2,0,0.11438220862963608,Low
ORD100325,CUST1086,2025-11-21,PROD1086,Clothing,11524.82,4,East,Email,9,23.1,UPI,2.9,0,0.6353188336924473,Medium
ORD100326,CUST1049,2025-11-22,PROD1034,Clothing,13899.99,4,West,Social Media,5,2.7,UPI,2.7,0,0.46345040391664577,Medium
ORD100327,CUST1070,2025-11-23,PROD1008,Electronics,6684.95,2,South,Social Media,5,3.8,Cash on Delivery,5.0,0,0.3941992369147331,Low
ORD100328,CUST1015,2025-11-24,PROD1040,Clothing,13540.36,2,North,Social Media,6,40.0,Credit Card,1.0,0,0.7860330843877297,High
ORD100329,CUST1054,2025-11-25,PROD1083,Sports,13192.79,3,East,Email,1,13.1,Credit Card,4.6,1,0.10509414822400649,Low
ORD100330,CUST1101,2025-11-26,PROD1042,Clothing,4894.5,4,South,Marketplace,1,29.9,Net Banking,1.6,0,0.4998075296831599,Medium
ORD100331,CUST1008,2025-11-27,PROD1041,Sports,13059.73,4,South,Marketplace,9,32.3,Cash on Delivery,4.1,0,0.5929827073525357,Medium
ORD100332,CUST1053,2025-11-28,PROD1006,Electronics,5759.95,4,East,Mobile App,3,34.3,Debit Card,3.5,0,0.2119028630171342,Low
ORD100333,CUST1060,2025-11-29,PROD1052,Home & Kitchen,4593.67,1,North,Marketplace,4,39.9,Debit Card,2.4,0,0.3621237947951308,Low
ORD100334,CUST1108,2025-11-30,PROD1026,Clothing,9806.3,3,North,Marketplace,1,9.7,Cash on Delivery,4.5,0,0.10577429310118613,Low
ORD100335,CUST1005,2025-12-01,PROD1064,Home & Kitchen,5060.04,4,Central,Social Media,9,1.6,Debit Card,1.1,1,0.8297675531771783,High
ORD100336,CUST1103,2025-12-02,PROD1098,Sports,9527.09,4,West,Social Media,8,16.4,Credit Card,1.9,0,0.7710387387791049,High
ORD100337,CUST1006,2025-12-03,PROD1059,Clothing,9225.51,4,East,Mobile App,2,5.2,Debit Card,3.3,0,0.12376171692909588,Low
ORD100338,CUST1109,2025-12-04,PROD1056,Beauty,8538.9,1,East,Website,8,0.9,Debit Card,2.4,0,0.5252605215840184,Medium
ORD100339,CUST1116,2025-12-05,PROD1059,Home & Kitchen,5830.21,1,East,Mobile App,7,14.4,Cash on Delivery,3.4,0,0.40774963432728273,Medium
ORD100340,CUST1094,2025-12-06,PROD1070,Clothing,8317.8,2,North,Mobile App,6,31.3,Cash on Delivery,1.1,1,0.6755844972136165,Medium
ORD100341,CUST1047,2025-12-07,PROD1033,Home & Kitchen,9027.99,3,West,Email,1,22.6,Debit Card,1.5,0,0.3415807679046785,Low
ORD100342,CUST1099,2025-12-08,PROD1053,Clothing,8276.17,2,Central,Email,7,12.5,UPI,1.5,0,0.7572004080672903,High
ORD100343,CUST1055,2025-12-09,PROD1022,Electronics,6777.41,3,South,Mobile App,10,26.2,Cash on Delivery,1.8,1,0.9259713985397862,High
ORD100344,CUST1052,2025-12-10,PROD1021,Home & Kitchen,417.07,1,South,Mobile App,7,9.3,Net Banking,2.8,0,0.609007122048988,Medium
ORD100345,CUST1144,2025-12-11,PROD1070,Beauty,8888.51,4,East,Mobile App,9,0.6,Net Banking,4.0,1,0.27577960080894864,Low
ORD100346,CUST1013,2025-12-12,PROD1070,Beauty,2692.98,2,West,Marketplace,1,30.6,Credit Card,4.6,0,0.11869241968045534,Low
ORD100347,CUST1114,2025-12-13,PROD1004,Sports,9710.12,4,North,Email,2,24.9,Debit Card,4.3,0,0.07762779426556879,Low
ORD100348,CUST1124,2025-12-14,PROD1094,Clothing,11438.3,2,West,Mobile App,9,30.5,UPI,1.8,0,0.7293653621910859,High
ORD100349,CUST1106,2025-12-15,PROD1075,Home & Kitchen,7606.59,1,West,Social Media,9,1.6,Credit Card,2.8,1,0.7537710981596383,High
ORD100350,CUST1147,2025-12-16,PROD1062,Sports,8226.98,1,North,Social Media,6,33.5,Debit Card,1.8,1,0.4352605755096975,Medium
ORD100351,CUST1145,2025-12-17,PROD1062,Home & Kitchen,14281.88,1,East,Marketplace,6,24.8,Cash on Delivery,2.1,0,0.5893063231235646,Medium
ORD100352,CUST1120,2025-12-18,PROD1094,Clothing,12738.08,2,West,Marketplace,4,22.5,Net Banking,3.0,0,0.24522458739081912,Low
ORD100353,CUST1063,2025-12-19,PROD1095,Beauty,13730.7,3,South,Website,4,25.0,UPI,1.3,0,0.7858886288931001,High
ORD100354,CUST1019,2025-12-20,PROD1024,Electronics,12243.74,2,North,Website,5,34.6,Net Banking,1.9,1,0.6515368119119854,Medium
ORD100355,CUST1092,2025-12-21,PROD1055,Beauty,1811.99,3,Central,Website,3,23.5,Cash on Delivery,4.7,0,0.1681055131505107,Low
ORD100356,CUST1058,2025-12-22,PROD1009,Sports,2405.08,2,East,Marketplace,1,23.2,Debit Card,2.9,0,0.1304639286745591,Low
ORD100357,CUST1090,2025-12-23,PROD1003,Electronics,7994.03,2,North,Marketplace,1,39.6,Cash on Delivery,2.8,1,0.35344397329277566,Low
ORD100358,CUST1117,2025-12-24,PROD1031,Sports,3841.83,1,Central,Marketplace,7,30.3,Cash on Delivery,1.1,1,0.7595803614679634,High
ORD100359,CUST1062,2025-12-25,PROD1040,Clothing,7255.09,4,Central,Social Media,1,17.7,Net Banking,2.0,0,0.27714627873228503,Low
ORD100360,CUST1023,2025-12-26,PROD1036,Electronics,6036.61,4,West,Marketplace,1,28.3,UPI,4.5,0,0.19320352710639294,Low
ORD100361,CUST1127,2025-12-27,PROD1024,Sports,8331.33,3,West,Social Media,3,15.6,Cash on Delivery,1.7,0,0.4400065742117099,Medium
ORD100362,CUST1137,2025-12-28,PROD1095,Clothing,11253.76,4,West,Website,10,9.2,Net Banking,2.7,0,0.6914147102674839,Medium
ORD100363,CUST1140,2025-12-29,PROD1006,Beauty,10789.27,2,North,Website,4,23.9,UPI,1.1,1,0.6723333977877375,Medium
ORD100364,CUST1129,2025-12-30,PROD1066,Clothing,7914.27,2,North,Website,4,37.1,Debit Card,2.9,0,0.3077443202942356,Low
ORD100365,CUST1058,2025-12-31,PROD1084,Home & Kitchen,12371.42,1,East,Mobile App,2,37.2,Debit Card,1.1,0,0.34149999869049746,Low
ORD100366,CUST1122,2026-01-01,PROD1092,Clothing,6576.76,1,West,Mobile App,1,13.7,Credit Card,4.3,0,0.12334132883769758,Low
ORD100367,CUST1001,2026-01-02,PROD1075,Clothing,13471.37,4,Central,Email,3,21.1,Net Banking,4.3,0,0.12043294026836611,Low
ORD100368,CUST1034,2026-01-03,PROD1004,Home & Kitchen,1254.95,3,South,Email,4,8.5,UPI,4.2,1,0.4376847291697862,Medium
ORD100369,CUST1096,2026-01-04,PROD1079,Sports,14328.97,4,East,Email,3,39.8,Cash on Delivery,2.1,0,0.3561784588105902,Low
ORD100370,CUST1126,2026-01-05,PROD1006,Sports,9889.46,4,North,Mobile App,8,39.2,Debit Card,4.3,0,0.19981440417198024,Low
ORD100371,CUST1118,2026-01-06,PROD1094,Clothing,5825.1,4,East,Mobile App,10,26.0,UPI,3.2,0,0.6105316739733456,Medium
ORD100372,CUST1048,2026-01-07,PROD1051,Home & Kitchen,3117.88,4,East,Email,1,32.2,Net Banking,2.5,1,0.23184426662259097,Low
ORD100373,CUST1089,2026-01-08,PROD1062,Home & Kitchen,7291.91,2,East,Email,2,28.6,Credit Card,3.5,0,0.2903510021005297,Low
ORD100374,CUST1117,2026-01-09,PROD1057,Beauty,3079.46,3,East,Marketplace,7,23.7,Debit Card,1.0,0,0.6521573271646742,Medium
ORD100375,CUST1129,2026-01-10,PROD1066,Sports,2661.71,2,South,Email,4,2.1,UPI,1.6,1,0.720314118721702,High
ORD100376,CUST1016,2026-01-11,PROD1079,Electronics,9336.81,3,West,Marketplace,8,18.2,UPI,4.0,0,0.5866584994265532,Medium
ORD100377,CUST1069,2026-01-12,PROD1075,Sports,7941.65,1,Central,Social Media,3,27.0,UPI,2.0,1,0.4145662126197882,Medium
ORD100378,CUST1022,2026-01-13,PROD1008,Sports,10117.42,4,East,Mobile App,6,27.1,Net Banking,3.4,0,0.21512101456129462,Low
ORD100379,CUST1093,2026-01-14,PROD1026,Beauty,13958.17,2,East,Email,9,14.9,Net Banking,2.5,0,0.4896546579302296,Medium
ORD100380,CUST1076,2026-01-15,PROD1051,Electronics,8077.45,3,East,Mobile App,1,37.7,Net Banking,4.4,0,0.08697622104890747,Low
ORD100381,CUST1144,2026-01-16,PROD1045,Beauty,8797.79,1,West,Mobile App,1,6.7,Cash on Delivery,4.8,0,0.051918626020649415,Low
ORD100382,CUST1086,2026-01-17,PROD1044,Electronics,1526.47,1,North,Mobile App,8,20.0,UPI,4.5,1,0.44367672663283403,Medium
ORD100383,CUST1029,2026-01-18,PROD1005,Clothing,10821.01,4,North,Social Media,3,27.6,Debit Card,2.1,0,0.31125036459117134,Low
ORD100384,CUST1069,2026-01-19,PROD1070,Electronics,6118.6,3,South,Website,5,27.9,Net Banking,1.8,1,0.8203075006899065,High
ORD100385,CUST1047,2026-01-20,PROD1026,Beauty,14655.53,2,North,Email,1,25.9,Net Banking,2.9,0,0.12214046302022544,Low
ORD100386,CUST1094,2026-01-21,PROD1068,Sports,12382.98,4,East,Website,5,11.0,UPI,1.0,0,0.7408965781139739,High
ORD100387,CUST1144,2026-01-22,PROD1019,Electronics,7932.72,2,East,Website,6,6.2,Net Banking,1.1,1,0.7938939525028371,High
ORD100388,CUST1085,2026-01-23,PROD1084,Electronics,2023.7,1,East,Website,8,25.4,Cash on Delivery,3.2,1,0.705206304099277,High
ORD100389,CUST1039,2026-01-24,PROD1097,Home & Kitchen,12919.35,2,South,Mobile App,3,24.0,Cash on Delivery,3.1,0,0.4221668198556961,Medium
ORD100390,CUST1100,2026-01-25,PROD1020,Sports,12036.76,2,East,Marketplace,3,7.2,Net Banking,5.0,0,0.05818903922061475,Low
ORD100391,CUST1033,2026-01-26,PROD1012,Clothing,2931.86,4,North,Mobile App,10,28.2,UPI,1.8,1,0.8125844066947755,High
ORD100392,CUST1101,2026-01-27,PROD1047,Beauty,4570.12,2,West,Mobile App,9,18.2,UPI,2.0,1,0.6877127806615086,Medium
ORD100393,CUST1023,2026-01-28,PROD1001,Clothing,11942.43,4,West,Website,4,26.7,UPI,1.5,1,0.6726538620968007,Medium
ORD100394,CUST1010,2026-01-29,PROD1090,Sports,2941.38,1,Central,Mobile App,4,33.5,Credit Card,4.7,0,0.17004731340295176,Low
ORD100395,CUST1069,2026-01-30,PROD1014,Electronics,13782.74,4,North,Website,7,6.8,Net Banking,4.1,0,0.46431220130299805,Medium
ORD100396,CUST1100,2026-01-31,PROD1064,Electronics,6483.01,4,East,Marketplace,2,0.8,UPI,4.3,0,0.24857720364495606,Low
ORD100397,CUST1034,2026-02-01,PROD1038,Sports,1488.18,3,West,Email,8,31.2,Cash on Delivery,4.6,1,0.2968550306418641,Low
ORD100398,CUST1138,2026-02-02,PROD1037,Electronics,12273.08,2,North,Website,6,24.4,Debit Card,3.1,1,0.5150903579776804,Medium
ORD100399,CUST1147,2026-02-03,PROD1011,Electronics,5727.94,1,West,Marketplace,3,28.0,Debit Card,2.8,0,0.33343537910233173,Low
ORD100400,CUST1096,2026-02-04,PROD1100,Electronics,7992.19,4,East,Email,9,33.5,UPI,2.3,1,0.8210296872366695,High
ORD100401,CUST1001,2026-02-05,PROD1077,Beauty,1862.1,1,West,Social Media,5,32.1,Debit Card,3.4,0,0.18710446195466127,Low
ORD100402,CUST1069,2026-02-06,PROD1003,Beauty,238.24,3,Central,Website,8,38.4,Debit Card,2.8,1,0.5452879928301423,Medium
ORD100403,CUST1004,2026-02-07,PROD1033,Home & Kitchen,9642.18,2,Central,Website,7,21.4,Credit Card,2.8,0,0.7614041958789312,High
ORD100404,CUST1016,2026-02-08,PROD1006,Clothing,7824.59,4,West,Social Media,8,19.5,Cash on Delivery,4.7,0,0.30858559741651126,Low
ORD100405,CUST1024,2026-02-09,PROD1050,Sports,8984.37,2,North,Social Media,7,16.1,Cash on Delivery,4.9,0,0.198493739870859,Low
ORD100406,CUST1080,2026-02-10,PROD1010,Sports,11947.41,3,North,Website,3,6.1,Credit Card,4.2,0,0.2721137202328312,Low
ORD100407,CUST1002,2026-02-11,PROD1005,Sports,9769.77,3,North,Social Media,2,22.9,Credit Card,4.0,0,0.18791814658595257,Low
ORD100408,CUST1128,2026-02-12,PROD1023,Home & Kitchen,2786.65,1,West,Mobile App,7,11.1,Debit Card,3.7,0,0.28353916104272786,Low
ORD100409,CUST1084,2026-02-13,PROD1010,Beauty,5539.43,4,North,Email,3,36.9,Net Banking,1.7,0,0.35811393839416894,Low
ORD100410,CUST1140,2026-02-14,PROD1044,Home & Kitchen,13607.19,1,East,Email,3,23.3,Debit Card,1.2,1,0.42968506065089845,Medium
ORD100411,CUST1124,2026-02-15,PROD1002,Sports,11595.18,3,Central,Email,2,23.7,Credit Card,3.8,0,0.2271380479765011,Low
ORD100412,CUST1033,2026-02-16,PROD1013,Clothing,8438.23,2,East,Mobile App,4,14.2,Cash on Delivery,3.9,0,0.17772723194994702,Low
ORD100413,CUST1101,2026-02-17,PROD1040,Electronics,3983.55,1,North,Social Media,8,2.1,Debit Card,1.2,1,0.8032800832937487,High
ORD100414,CUST1012,2026-02-18,PROD1002,Beauty,4670.5,1,East,Marketplace,1,1.3,Net Banking,4.7,0,0.04609957980862983,Low
ORD100415,CUST1067,2026-02-19,PROD1084,Beauty,11032.98,2,North,Social Media,1,16.9,Debit Card,1.4,0,0.2537853603941559,Low
ORD100416,CUST1065,2026-02-20,PROD1065,Home & Kitchen,12797.38,1,West,Website,5,3.4,UPI,2.1,0,0.6564387483031205,Medium
ORD100417,CUST1074,2026-02-21,PROD1063,Beauty,10137.09,2,East,Email,5,24.3,Debit Card,3.7,0,0.1533316221565546,Low
ORD100418,CUST1043,2026-02-22,PROD1073,Sports,12181.04,4,West,Social Media,1,35.2,Credit Card,1.7,1,0.4312751788234499,Medium
ORD100419,CUST1044,2026-02-23,PROD1017,Sports,11546.51,2,West,Marketplace,6,35.3,Cash on Delivery,1.2,0,0.6689771172529058,Medium
ORD100420,CUST1029,2026-02-24,PROD1009,Home & Kitchen,2415.62,4,South,Website,1,26.4,Cash on Delivery,2.3,1,0.6227152836337337,Medium
ORD100421,CUST1141,2026-02-25,PROD1075,Sports,6474.38,2,North,Mobile App,5,8.4,Credit Card,4.1,0,0.26841494316498243,Low
ORD100422,CUST1012,2026-02-26,PROD1015,Clothing,2464.16,3,Central,Mobile App,9,34.5,UPI,2.7,1,0.6693579618135386,Medium
ORD100423,CUST1095,2026-02-27,PROD1024,Home & Kitchen,3681.49,3,North,Marketplace,5,35.4,Credit Card,3.6,0,0.4926170891551011,Medium
ORD100424,CUST1046,2026-02-28,PROD1038,Clothing,13065.04,4,Central,Website,6,7.9,Debit Card,3.3,1,0.40042262635034126,Medium
ORD100425,CUST1130,2026-03-01,PROD1035,Electronics,7198.8,4,North,Email,8,29.5,Credit Card,1.1,1,0.9255271152891228,High
ORD100426,CUST1035,2026-03-02,PROD1094,Clothing,8123.3,3,West,Social Media,1,11.5,Credit Card,5.0,0,0.10499481066801089,Low
ORD100427,CUST1081,2026-03-03,PROD1095,Electronics,2841.0,4,East,Website,2,32.1,UPI,1.2,1,0.7418865927896232,High
ORD100428,CUST1090,2026-03-04,PROD1049,Electronics,4821.62,2,East,Mobile App,9,39.9,Debit Card,4.9,0,0.27123903885729805,Low
ORD100429,CUST1008,2026-03-05,PROD1069,Clothing,3607.64,2,South,Marketplace,3,1.2,Net Banking,3.2,0,0.35510987291347296,Low
ORD100430,CUST1093,2026-03-06,PROD1062,Home & Kitchen,3251.56,3,Central,Marketplace,6,35.9,Net Banking,4.9,0,0.19844732858081723,Low
ORD100431,CUST1090,2026-03-07,PROD1060,Sports,9641.82,1,Central,Social Media,5,24.9,Cash on Delivery,1.5,1,0.5721989453706685,Medium
ORD100432,CUST1115,2026-03-08,PROD1050,Sports,4001.88,2,Central,Marketplace,2,38.9,Credit Card,3.0,0,0.3397825389379863,Low
ORD100433,CUST1105,2026-03-09,PROD1078,Electronics,9553.83,4,West,Marketplace,7,18.6,Cash on Delivery,1.7,1,0.8207181804619897,High
ORD100434,CUST1135,2026-03-10,PROD1075,Electronics,1065.13,1,Central,Website,4,33.9,UPI,1.2,0,0.8232129013440506,High
ORD100435,CUST1058,2026-03-11,PROD1009,Home & Kitchen,2298.26,1,East,Email,1,2.5,Net Banking,3.5,0,0.12770165825729937,Low
ORD100436,CUST1114,2026-03-12,PROD1034,Beauty,4263.2,2,West,Social Media,4,13.4,Credit Card,1.8,1,0.5775751009686723,Medium
ORD100437,CUST1075,2026-03-13,PROD1076,Clothing,9036.29,2,North,Website,6,2.7,UPI,3.4,0,0.4943284791015371,Medium
ORD100438,CUST1120,2026-03-14,PROD1099,Electronics,10202.45,1,Central,Email,7,39.0,UPI,1.4,1,0.8365474808553416,High
ORD100439,CUST1021,2026-03-15,PROD1035,Sports,6752.21,1,Central,Website,7,32.7,Credit Card,2.3,0,0.7413512821083967,High
ORD100440,CUST1138,2026-03-16,PROD1001,Home & Kitchen,6797.71,3,North,Website,7,34.1,UPI,4.1,1,0.496677101405255,Medium
ORD100441,CUST1101,2026-03-17,PROD1040,Clothing,10922.85,4,Central,Marketplace,3,37.5,Credit Card,2.7,1,0.484333212100406,Medium
ORD100442,CUST1099,2026-03-18,PROD1064,Home & Kitchen,434.15,3,North,Email,6,3.4,Credit Card,3.5,1,0.5741526015552362,Medium
ORD100443,CUST1036,2026-03-19,PROD1022,Clothing,5248.13,2,West,Social Media,8,15.4,Debit Card,3.6,0,0.334284251442923,Low
ORD100444,CUST1096,2026-03-20,PROD1060,Clothing,12316.86,3,East,Social Media,4,2.8,Cash on Delivery,4.4,0,0.16065713252130087,Low
ORD100445,CUST1037,2026-03-21,PROD1064,Electronics,9127.65,3,North,Email,8,8.4,UPI,2.3,1,0.80275816834422,High
ORD100446,CUST1012,2026-03-22,PROD1093,Home & Kitchen,5190.96,3,South,Marketplace,2,9.2,UPI,3.7,0,0.41127897810159747,Medium
ORD100447,CUST1113,2026-03-23,PROD1072,Home & Kitchen,13601.77,3,North,Mobile App,10,18.8,Debit Card,4.8,0,0.2795883407056188,Low
ORD100448,CUST1013,2026-03-24,PROD1011,Sports,11634.82,4,Central,Website,9,10.7,Debit Card,3.9,1,0.43516700658349766,Medium
ORD100449,CUST1023,2026-03-25,PROD1014,Sports,4120.45,4,West,Marketplace,9,4.0,Debit Card,3.0,1,0.5066468621989225,Medium
ORD100450,CUST1099,2026-03-26,PROD1060,Electronics,9750.29,1,West,Email,8,6.7,Net Banking,3.5,1,0.49148022405614256,Medium
ORD100451,CUST1105,2026-03-27,PROD1030,Electronics,9017.11,2,North,Website,10,5.9,Net Banking,4.0,1,0.6268811516175653,Medium
ORD100452,CUST1030,2026-03-28,PROD1035,Beauty,6137.58,3,East,Social Media,10,38.9,Net Banking,3.4,1,0.4164179682494358,Medium
ORD100453,CUST1017,2026-03-29,PROD1085,Sports,5630.95,1,South,Mobile App,1,30.4,Credit Card,1.1,1,0.6398278013777875,Medium
ORD100454,CUST1113,2026-03-30,PROD1037,Clothing,5284.7,1,West,Social Media,2,38.7,UPI,1.8,1,0.3997505410271302,Low
ORD100455,CUST1062,2026-03-31,PROD1005,Home & Kitchen,9333.91,1,Central,Email,6,17.6,Cash on Delivery,4.2,0,0.3229141914264308,Low
ORD100456,CUST1084,2026-04-01,PROD1083,Electronics,6747.67,4,Central,Website,10,11.1,Credit Card,2.1,0,0.9424606767587141,High
ORD100457,CUST1112,2026-04-02,PROD1078,Home & Kitchen,12511.57,3,East,Email,5,31.9,UPI,3.9,0,0.30436682702696954,Low
ORD100458,CUST1086,2026-04-03,PROD1026,Home & Kitchen,10110.12,3,West,Website,9,13.1,UPI,2.5,1,0.8029706091170189,High
ORD100459,CUST1141,2026-04-04,PROD1062,Beauty,1234.99,2,North,Marketplace,5,12.0,Debit Card,3.1,0,0.2649309495212386,Low
ORD100460,CUST1019,2026-04-05,PROD1004,Sports,9674.49,3,Central,Mobile App,2,9.3,Debit Card,1.3,0,0.325083407907833,Low
ORD100461,CUST1100,2026-04-06,PROD1089,Electronics,4212.98,3,East,Marketplace,10,5.2,Credit Card,1.7,1,0.9289508288119608,High
ORD100462,CUST1140,2026-04-07,PROD1042,Home & Kitchen,8973.62,1,West,Marketplace,4,10.3,Debit Card,4.8,0,0.11104157232745906,Low
ORD100463,CUST1147,2026-04-08,PROD1089,Electronics,10265.95,2,West,Email,9,14.2,UPI,4.6,0,0.5169063928244433,Medium
ORD100464,CUST1076,2026-04-09,PROD1018,Clothing,3616.27,3,West,Mobile App,1,27.0,Debit Card,3.6,0,0.08876534136938077,Low
ORD100465,CUST1009,2026-04-10,PROD1040,Beauty,6961.51,4,West,Website,1,2.5,Net Banking,2.8,0,0.20473684802266667,Low
ORD100466,CUST1028,2026-04-11,PROD1072,Clothing,3016.81,3,West,Website,7,8.4,Debit Card,3.7,0,0.37765821539312705,Low
ORD100467,CUST1128,2026-04-12,PROD1039,Electronics,974.62,1,Central,Social Media,3,32.4,UPI,3.5,0,0.381055001454822,Low
ORD100468,CUST1052,2026-04-13,PROD1014,Electronics,5801.45,4,East,Website,10,5.9,Credit Card,3.3,1,0.8659649032537241,High
ORD100469,CUST1083,2026-04-14,PROD1032,Sports,5571.58,1,West,Email,2,13.7,Cash on Delivery,1.2,0,0.45432956992332335,Medium
ORD100470,CUST1111,2026-04-15,PROD1051,Home & Kitchen,14933.11,3,South,Marketplace,9,34.6,Debit Card,3.5,1,0.6322650661195278,Medium
ORD100471,CUST1144,2026-04-16,PROD1038,Home & Kitchen,6806.01,4,South,Marketplace,3,6.2,UPI,4.1,0,0.4155660600340697,Medium
ORD100472,CUST1117,2026-04-17,PROD1097,Clothing,5136.83,2,East,Marketplace,2,3.3,Cash on Delivery,5.0,0,0.08858924433319541,Low
ORD100473,CUST1069,2026-04-18,PROD1023,Beauty,8791.03,2,North,Mobile App,8,19.4,Cash on Delivery,1.0,1,0.7451934101373808,High
ORD100474,CUST1099,2026-04-19,PROD1063,Home & Kitchen,1513.76,4,North,Website,10,12.1,Net Banking,3.9,0,0.6013093197051184,Medium
ORD100475,CUST1140,2026-04-20,PROD1015,Sports,14432.65,4,North,Email,6,22.5,Cash on Delivery,3.3,0,0.3709435619504559,Low
ORD100476,CUST1025,2026-04-21,PROD1097,Clothing,9597.41,1,South,Mobile App,6,32.2,UPI,2.7,0,0.6090786970397305,Medium
ORD100477,CUST1123,2026-04-22,PROD1025,Clothing,11371.6,4,North,Social Media,10,5.5,UPI,1.5,1,0.8531593152818764,High
ORD100478,CUST1053,2026-04-23,PROD1017,Sports,2723.07,1,Central,Email,7,23.2,Debit Card,2.6,0,0.42188898778279765,Medium
ORD100479,CUST1144,2026-04-24,PROD1097,Beauty,6260.27,3,West,Email,7,20.2,Debit Card,2.4,0,0.43515896260117853,Medium
ORD100480,CUST1057,2026-04-25,PROD1066,Sports,6455.8,1,South,Email,6,5.8,Debit Card,2.2,1,0.5760950669652144,Medium
ORD100481,CUST1039,2026-04-26,PROD1078,Beauty,12362.74,4,East,Marketplace,4,25.0,Cash on Delivery,3.9,0,0.19699460569664676,Low
ORD100482,CUST1109,2026-04-27,PROD1053,Sports,218.3,4,East,Email,9,10.9,Cash on Delivery,3.8,0,0.47453444281033585,Medium
ORD100483,CUST1042,2026-04-28,PROD1051,Sports,4652.63,3,West,Website,6,19.5,Net Banking,3.4,0,0.33837554163535233,Low
ORD100484,CUST1142,2026-04-29,PROD1039,Electronics,14722.3,4,South,Email,4,3.3,Debit Card,4.8,0,0.28058892002371183,Low
ORD100485,CUST1122,2026-04-30,PROD1051,Clothing,7228.32,4,North,Marketplace,3,18.4,Credit Card,2.4,0,0.5306957247241713,Medium
ORD100486,CUST1133,2026-05-01,PROD1070,Sports,5861.39,2,North,Email,4,12.3,Net Banking,2.0,0,0.3583703356121316,Low
ORD100487,CUST1075,2026-05-02,PROD1006,Sports,1973.47,2,Central,Social Media,3,32.9,Credit Card,3.6,0,0.28985560430257656,Low
ORD100488,CUST1146,2026-05-03,PROD1067,Home & Kitchen,14617.64,3,Central,Social Media,2,2.3,Cash on Delivery,1.8,0,0.48109187964861533,Medium
ORD100489,CUST1076,2026-05-04,PROD1007,Clothing,496.39,1,North,Marketplace,5,16.7,Net Banking,2.3,1,0.4164291022071596,Medium
ORD100490,CUST1009,2026-05-05,PROD1051,Home & Kitchen,11110.27,2,East,Website,2,18.3,Net Banking,1.9,0,0.38729044274675134,Low
ORD100491,CUST1074,2026-05-06,PROD1072,Clothing,11575.28,1,East,Website,6,29.0,UPI,1.3,1,0.7360017059098748,High
ORD100492,CUST1145,2026-05-07,PROD1042,Home & Kitchen,3806.12,4,Central,Mobile App,3,23.0,Cash on Delivery,4.3,0,0.19284521061578103,Low
ORD100493,CUST1007,2026-05-08,PROD1064,Sports,10139.06,2,West,Marketplace,6,26.7,Cash on Delivery,2.0,0,0.5597443660691521,Medium
ORD100494,CUST1141,2026-05-09,PROD1015,Sports,1575.35,3,North,Email,10,31.1,Net Banking,2.9,1,0.5599190524011877,Medium
ORD100495,CUST1137,2026-05-10,PROD1029,Electronics,4004.3,3,Central,Marketplace,9,34.5,Cash on Delivery,1.2,1,0.9140488866702614,High
ORD100496,CUST1027,2026-05-11,PROD1033,Home & Kitchen,11860.95,3,Central,Mobile App,1,12.6,Net Banking,3.8,0,0.10724174310519789,Low
ORD100497,CUST1122,2026-05-12,PROD1094,Beauty,12997.36,2,North,Marketplace,6,21.5,UPI,2.3,1,0.533268998057984,Medium
ORD100498,CUST1005,2026-05-13,PROD1027,Electronics,9205.6,1,North,Marketplace,9,33.6,Net Banking,4.0,1,0.47914590364464915,Medium
ORD100499,CUST1029,2026-05-14,PROD1036,Home & Kitchen,7701.21,4,East,Mobile App,4,39.6,Cash on Delivery,2.6,1,0.39250222954847686,Low
ORD100500,CUST1083,2026-05-15,PROD1029,Home & Kitchen,2557.7,1,West,Website,2,35.6,Cash on Delivery,1.8,0,0.5289691427654225,Medium
